<?xml version="1.0" encoding="UTF-8"?>
<project-private xmlns="http://www.netbeans.org/ns/project-private/1">
    <editor-bookmarks xmlns="http://www.netbeans.org/ns/editor-bookmarks/2" lastBookmarkId="0"/>
    <open-files xmlns="http://www.netbeans.org/ns/projectui-open-files/2">
        <group>
            <file>file:/C:/Users/mallikarjuna/Documents/Aravind/Java/Project/Quiz/src/quiz/makeQuiz.java</file>
            <file>file:/C:/Users/mallikarjuna/Documents/Aravind/Java/Project/Quiz/src/quiz/modifyMC.java</file>
            <file>file:/C:/Users/mallikarjuna/Documents/Aravind/Java/Project/Quiz/src/quiz/shortAnswer.java</file>
            <file>file:/C:/Users/mallikarjuna/Documents/Aravind/Java/Project/Quiz/src/quiz/openQuiz.java</file>
            <file>file:/C:/Users/mallikarjuna/Documents/Aravind/Java/Project/Quiz/src/quiz/NewTeacher.java</file>
            <file>file:/C:/Users/mallikarjuna/Documents/Aravind/Java/Project/Quiz/src/quiz/login.java</file>
            <file>file:/C:/Users/mallikarjuna/Documents/Aravind/Java/Project/Quiz/src/quiz/Quiz.java</file>
            <file>file:/C:/Users/mallikarjuna/Documents/Aravind/Java/Project/Quiz/src/quiz/mcq.java</file>
            <file>file:/C:/Users/mallikarjuna/Documents/Aravind/Java/Project/Quiz/src/quiz/modifyShortAnswer.java</file>
            <file>file:/C:/Users/mallikarjuna/Documents/Aravind/Java/Project/Quiz/src/quiz/NewUser.java</file>
            <file>file:/C:/Users/mallikarjuna/Documents/Aravind/Java/Project/Quiz/src/quiz/modifyTF.java</file>
            <file>file:/C:/Users/mallikarjuna/Documents/Aravind/Java/Project/Quiz/src/quiz/startTF.java</file>
            <file>file:/C:/Users/mallikarjuna/Documents/Aravind/Java/Project/Quiz/src/quiz/deleteQuiz.java</file>
            <file>file:/C:/Users/mallikarjuna/Documents/Aravind/Java/Project/Quiz/src/quiz/TrueFalseModify.java</file>
            <file>file:/C:/Users/mallikarjuna/Documents/Aravind/Java/Project/Quiz/src/quiz/modifyCenter.java</file>
            <file>file:/C:/Users/mallikarjuna/Documents/Aravind/Java/Project/Quiz/src/quiz/modifySA.java</file>
            <file>file:/C:/Users/mallikarjuna/Documents/Aravind/Java/Project/Quiz/src/quiz/newstudent.java</file>
            <file>file:/C:/Users/mallikarjuna/Documents/Aravind/Java/Project/Quiz/src/quiz/questionType.java</file>
            <file>file:/C:/Users/mallikarjuna/Documents/Aravind/Java/Project/Quiz/src/quiz/startSA.java</file>
            <file>file:/C:/Users/mallikarjuna/Documents/Aravind/Java/Project/Quiz/src/quiz/truefalse.java</file>
            <file>file:/C:/Users/mallikarjuna/Documents/Aravind/Java/Project/Quiz/src/quiz/startMCQ.java</file>
            <file>file:/C:/Users/mallikarjuna/Documents/Aravind/Java/Project/Quiz/src/quiz/MainWindowTeacher.java</file>
            <file>file:/C:/Users/mallikarjuna/Documents/Aravind/Java/Project/Quiz/src/quiz/quizSlection.java</file>
        </group>
    </open-files>
</project-private>
